Doctor_ID,Name,Contact_Information,Date_of_Start_working,Specialty
100000,Ebeneser De Domenico,ede0@apple.com,1967-04-12,Surgery
100001,Alaine Burgett,aburgett1@cafepress.com,1989-12-25,Psychiatry
100002,Yurik Cahillane,ycahillane2@foxnews.com,1983-01-16,Endocrinology
100003,Lorrayne Tregien,ltregien3@discuz.net,1953-06-23,Pediatrics
100004,Claudianus Kighly,ckighly4@4shared.com,1972-10-24,Nephrology
100005,Benji Flood,bflood5@gizmodo.com,1969-09-20,Gastroenterology
100006,Malina Woolveridge,mwoolveridge6@reddit.com,1973-03-30,Dermatology
100007,Muhammad Dumbell,mdumbell7@mozilla.org,1980-04-30,Neurosurgery
100008,Desirae Loughrey,dloughrey8@zimbio.com,1971-11-18,Cardiology
100009,Sarge Beaulieu,sbeaulieu9@upenn.edu,1953-10-26,Dermatology
100010,Taylor MacDunlevy,tmacdunlevya@purevolume.com,1969-06-13,Gynecology
100011,Cathlene Sterman,cstermanb@hud.gov,1989-03-12,Endocrinology
100012,Efrem Bansal,ebansalc@pbs.org,1955-12-05,Cardiology
100013,Delora Davenhill,ddavenhilld@oakley.com,1975-06-04,Pulmonology
100014,Marianna Prop,mprope@nhs.uk,1960-07-31,Pediatrics
100015,Alfie Ebi,aebif@soundcloud.com,1991-06-10,Pediatrics
100016,Hymie Blas,hblasg@cbslocal.com,1978-01-10,Surgery
100017,Benyamin Ickowicz,bickowiczh@rakuten.co.jp,1958-03-05,Surgery
100018,Thatch Gairdner,tgairdneri@usa.gov,1992-11-18,Pulmonology
100019,Carolin Dinkin,cdinkinj@imdb.com,1993-02-01,Pediatrics
100020,Chrysa Saggs,csaggsk@shop-pro.jp,1977-10-16,Cardiology
100021,Zachery Groundwater,zgroundwaterl@linkedin.com,1958-10-24,Internal Medicine
100022,Opalina Rennison,orennisonm@behance.net,1984-02-04,Ophthalmology
100023,Joyous Marrable,jmarrablen@biglobe.ne.jp,1955-07-23,Cardiology
100024,Roseline Yitzovitz,ryitzovitzo@tmall.com,1963-09-26,Gynecology
100025,Bidget Ferrers,bferrersp@youtu.be,1992-01-25,Ophthalmology
100026,Livvyy Sibary,lsibaryq@photobucket.com,1980-05-17,Internal Medicine
100027,Lowrance Pues,lpuesr@pen.io,1982-06-28,Orthopedics
100028,Nickolai MacLardie,nmaclardies@si.edu,1983-11-13,Psychiatry
100029,Ardelle Delicate,adelicatet@tmall.com,1969-02-12,Internal Medicine
100030,Tressa Matlock,tmatlocku@uiuc.edu,1948-08-27,Gastroenterology
100031,Siobhan Wishkar,swishkarv@dagondesign.com,1952-09-13,Neurology
100032,Marijo Knapman,mknapmanw@ehow.com,1966-08-19,Psychiatry
100033,Oates Pfeffel,opfeffelx@cafepress.com,1991-06-19,Pulmonology
100034,Fleurette Burnhill,fburnhilly@cdc.gov,1968-12-14,Gynecology
100035,Dunn McGregor,dmcgregorz@edublogs.org,1973-04-03,Gastroenterology
100036,Babbette Beavan,bbeavan10@xing.com,1987-01-02,Pediatrics
100037,Maitilde Einchcombe,meinchcombe11@prnewswire.com,1969-06-04,Psychiatry
100038,Bernadene Skillanders,bskillanders12@buzzfeed.com,1975-08-22,Ophthalmology
100039,Krissy Sibbons,ksibbons13@cafepress.com,1982-10-09,Orthopedics
100040,Olenka Raynor,oraynor14@foxnews.com,1958-08-23,Pulmonology
100041,Tomaso Noye,tnoye15@intel.com,1962-05-10,Oncology
100042,Klarrisa Concklin,kconcklin16@linkedin.com,1969-01-26,Nephrology
100043,Jessalin Fardell,jfardell17@eventbrite.com,1951-08-15,Endocrinology
100044,Kendell Hencke,khencke18@ehow.com,1977-02-17,Psychiatry
100045,Gordan Pollendine,gpollendine19@dropbox.com,1972-02-26,Orthopedics
100046,Derk McLaughlin,dmclaughlin1a@jalbum.net,1962-06-23,Pediatrics
100047,Johann Esselin,jesselin1b@smugmug.com,1953-11-17,Pediatrics
100048,Raddie Hallad,rhallad1c@simplemachines.org,1993-07-21,Otorhinolaryngology
100049,Baxie Pocknell,bpocknell1d@devhub.com,1970-12-27,Neurosurgery
100050,Elle Shoobridge,eshoobridge1e@cam.ac.uk,1979-12-28,Neurosurgery
100051,Staffard Dodgson,sdodgson1f@smugmug.com,1987-04-13,Neurosurgery
100052,Heath Swancott,hswancott1g@weibo.com,1962-10-26,Dermatology
100053,Ted Hugli,thugli1h@cocolog-nifty.com,1977-05-04,Otorhinolaryngology
100054,Cyrus Reinmar,creinmar1i@topsy.com,1957-01-03,Pediatrics
100055,Tomi Strahan,tstrahan1j@biblegateway.com,1966-10-02,Otorhinolaryngology
100056,Barn Gurry,bgurry1k@lycos.com,1948-10-03,Pediatrics
100057,Lenci Sawood,lsawood1l@aboutads.info,1981-07-07,Gynecology
100058,Kalie Liddiatt,kliddiatt1m@answers.com,1979-08-10,Pulmonology
100059,Jo Potteril,jpotteril1n@illinois.edu,1978-03-20,Internal Medicine
100060,Mariel Chitty,mchitty1o@newsvine.com,1989-05-09,Gynecology
100061,Bartholomew Featherstone,bfeatherstone1p@earthlink.net,1948-09-07,Neurology
100062,Bendick D'Agostino,bdagostino1q@sphinn.com,1987-09-27,Gastroenterology
100063,Stanislas Shimman,sshimman1r@rakuten.co.jp,1949-06-27,Psychiatry
100064,Sean Boow,sboow1s@networksolutions.com,1959-12-28,Dermatology
100065,Alvina Feben,afeben1t@google.ca,1983-05-25,Oncology
100066,Arlin Vakhrushev,avakhrushev1u@latimes.com,1979-05-15,Pulmonology
100067,Shaun Feitosa,sfeitosa1v@weebly.com,1976-10-23,Gastroenterology
100068,Florrie Spick,fspick1w@walmart.com,1990-09-29,Neurology
100069,Else Doey,edoey1x@addthis.com,1973-09-14,Neurology
100070,Doralynn O'Kelly,dokelly1y@utexas.edu,1958-03-22,Surgery
100071,Mariejeanne Giovanizio,mgiovanizio1z@noaa.gov,1969-06-06,Pediatrics
100072,Deonne Maffulli,dmaffulli20@intel.com,1978-05-03,Surgery
100073,Verile Ollet,vollet21@msn.com,1962-07-21,Pulmonology
100074,Misty Yitzhakov,myitzhakov22@etsy.com,1961-05-20,Orthopedics
100075,Mae Heiden,mheiden23@prlog.org,1976-05-27,Neurosurgery
100076,Anjanette Littleton,alittleton24@eepurl.com,1976-07-11,Pulmonology
100077,Jaquenetta Buckham,jbuckham25@uiuc.edu,1963-11-29,Nephrology
100078,Nananne MacKerley,nmackerley26@amazon.co.uk,1970-11-04,Pediatrics
100079,Leontine Borley,lborley27@alibaba.com,1981-03-06,Neurology
100080,Shell Iapico,siapico28@surveymonkey.com,1989-05-07,Gastroenterology
100081,Jenn Dresser,jdresser29@linkedin.com,1972-01-27,Oncology
100082,Benedetto Colston,bcolston2a@multiply.com,1988-10-08,Internal Medicine
100083,Adoree Soall,asoall2b@issuu.com,1985-07-09,Nephrology
100084,Mervin Wasbrough,mwasbrough2c@newsvine.com,1992-06-18,Ophthalmology
100085,Vasily Slisby,vslisby2d@com.com,1958-03-27,Neurology
100086,Marcello Klein,mklein2e@cyberchimps.com,1978-01-19,Internal Medicine
100087,Alfy Trask,atrask2f@statcounter.com,1986-09-24,Surgery
100088,Agretha Rivaland,arivaland2g@pinterest.com,1975-08-07,Nephrology
100089,Mirna Marson,mmarson2h@archive.org,1988-09-28,Pulmonology
100090,Jeremiah Odam,jodam2i@creativecommons.org,1973-03-15,Neurology
100091,Jade Hinz,jhinz2j@constantcontact.com,1980-02-10,Surgery
100092,Sharai Keough,skeough2k@mozilla.com,1972-02-10,Endocrinology
100093,Devland Healey,dhealey2l@digg.com,1963-06-05,Pediatrics
100094,Iorgo McGeraghty,imcgeraghty2m@freewebs.com,1990-02-03,Psychiatry
100095,Karlis De Benedictis,kde2n@ehow.com,1948-07-18,Otorhinolaryngology
100096,Eve Latan,elatan2o@bloglines.com,1992-03-28,Endocrinology
100097,Editha Borel,eborel2p@sitemeter.com,1971-09-17,Psychiatry
100098,Rem Ziehms,rziehms2q@vkontakte.ru,1973-10-17,Endocrinology
100099,Robinson Gabbett,rgabbett2r@blogs.com,1970-12-16,Pulmonology
100100,Stace Andryushchenko,sandryushchenko2s@rediff.com,1974-12-08,Neurosurgery
100101,Ruth Makey,rmakey2t@examiner.com,1960-11-05,Neurosurgery
100102,Frederica Lorking,florking2u@cdc.gov,1953-03-16,Psychiatry
100103,Gayla Purcer,gpurcer2v@sakura.ne.jp,1969-12-17,Gastroenterology
100104,Christos Rushmere,crushmere2w@cargocollective.com,1979-10-12,Endocrinology
100105,Boone Winn,bwinn2x@tiny.cc,1950-04-16,Orthopedics
100106,Malorie Chasmer,mchasmer2y@ft.com,1952-03-27,Orthopedics
100107,Ruperta Craney,rcraney2z@cbsnews.com,1986-08-02,Nephrology
100108,Matthaeus Vogeler,mvogeler30@nifty.com,1983-01-03,Cardiology
100109,Andras Josofovitz,ajosofovitz31@pen.io,1989-04-02,Orthopedics
100110,Ichabod Dovidian,idovidian32@ft.com,1961-05-22,Gynecology
100111,Jammal Tommaseo,jtommaseo33@house.gov,1951-05-19,Cardiology
100112,Briny Antushev,bantushev34@imgur.com,1955-09-30,Pulmonology
100113,Stefan Hazael,shazael35@time.com,1974-11-20,Orthopedics
100114,Nick Adrain,nadrain36@vimeo.com,1948-08-23,Gastroenterology
100115,Aubine Cattow,acattow37@nhs.uk,1954-05-23,Neurosurgery
100116,Aaron Eisikovitsh,aeisikovitsh38@yahoo.co.jp,1957-06-02,Pediatrics
100117,Nita Colley,ncolley39@ning.com,1984-05-14,Ophthalmology
100118,Blanche Bullant,bbullant3a@guardian.co.uk,1992-04-19,Oncology
100119,Twyla Badham,tbadham3b@vistaprint.com,1965-10-03,Pulmonology
100120,Randene Stair,rstair3c@feedburner.com,1961-12-19,Internal Medicine
100121,Lydia Canton,lcanton3d@wix.com,1962-07-14,Neurosurgery
100122,Timmy Sansum,tsansum3e@opera.com,1991-03-24,Ophthalmology
100123,Elysia Pollicatt,epollicatt3f@weibo.com,1961-07-17,Gynecology
100124,Lee De Giorgi,lde3g@ustream.tv,1978-01-19,Ophthalmology
100125,Angelo Goude,agoude3h@artisteer.com,1974-06-24,Dermatology
100126,Myles Lumbly,mlumbly3i@linkedin.com,1975-01-20,Oncology
100127,Lissi Sketcher,lsketcher3j@theglobeandmail.com,1987-05-14,Pediatrics
100128,Karla Aukland,kaukland3k@ox.ac.uk,1955-05-22,Nephrology
100129,Elliott Rennebeck,erennebeck3l@nytimes.com,1985-12-17,Dermatology
100130,Robena Colliard,rcolliard3m@alexa.com,1966-03-05,Endocrinology
100131,Trenna Lorryman,tlorryman3n@cnet.com,1963-03-09,Dermatology
100132,Shannan Bodker,sbodker3o@blogs.com,1988-02-28,Neurology
100133,Charin Allmark,callmark3p@istockphoto.com,1993-09-09,Psychiatry
100134,Patsy Shaudfurth,pshaudfurth3q@fema.gov,1955-10-02,Nephrology
100135,Moe Wall,mwall3r@psu.edu,1963-04-07,Psychiatry
100136,Jeremias Swatman,jswatman3s@epa.gov,1990-11-01,Pediatrics
100137,Gaynor Walklate,gwalklate3t@huffingtonpost.com,1964-08-21,Nephrology
100138,Florina Shingler,fshingler3u@woothemes.com,1989-12-18,Dermatology
100139,Mario Normaville,mnormaville3v@smugmug.com,1969-03-15,Cardiology
100140,Caroljean Eller,celler3w@time.com,1949-03-03,Nephrology
100141,Nappie Moodycliffe,nmoodycliffe3x@exblog.jp,1959-10-21,Gastroenterology
100142,Yoko Harflete,yharflete3y@mediafire.com,1985-09-19,Nephrology
100143,Lacie Angelo,langelo3z@oakley.com,1948-12-27,Oncology
100144,Libbi Woodhead,lwoodhead40@mapy.cz,1992-04-11,Endocrinology
100145,Almire Kealy,akealy41@msn.com,1948-09-02,Neurosurgery
100146,Jodee Palmar,jpalmar42@archive.org,1972-04-04,Neurology
100147,Fremont Jent,fjent43@networkadvertising.org,1983-03-19,Internal Medicine
100148,Filmer Cartmail,fcartmail44@geocities.com,1979-08-09,Ophthalmology
100149,Warner Yeowell,wyeowell45@google.com.hk,1984-08-26,Gynecology
100150,Sophronia Perrone,sperrone46@chron.com,1974-07-15,Pediatrics
100151,Mateo Oloman,moloman47@hugedomains.com,1984-11-08,Gastroenterology
100152,Ciel Root,croot48@booking.com,1971-06-15,Otorhinolaryngology
100153,Daniele Raynes,draynes49@furl.net,1970-06-18,Neurosurgery
100154,Haroun Sango,hsango4a@theatlantic.com,1981-02-04,Cardiology
100155,Cyrille Carp,ccarp4b@cocolog-nifty.com,1985-01-21,Nephrology
100156,Yulma Cruft,ycruft4c@zimbio.com,1970-05-27,Otorhinolaryngology
100157,Cosmo Verey,cverey4d@about.me,1988-04-20,Gynecology
100158,Ilse Kennewell,ikennewell4e@de.vu,1965-02-25,Oncology
100159,Rik Peakman,rpeakman4f@hhs.gov,1976-07-05,Pediatrics
100160,Davie Norcliffe,dnorcliffe4g@weibo.com,1986-05-22,Nephrology
100161,Deeyn Liger,dliger4h@mysql.com,1986-07-04,Neurology
100162,Danni Creane,dcreane4i@bravesites.com,1968-04-06,Gynecology
100163,Miran Cordall,mcordall4j@lycos.com,1963-09-25,Ophthalmology
100164,Christy Rew,crew4k@xing.com,1954-06-21,Orthopedics
100165,Coralie Haycox,chaycox4l@who.int,1961-09-19,Psychiatry
100166,Locke Shipsey,lshipsey4m@smugmug.com,1989-07-04,Neurology
100167,Loree Merryfield,lmerryfield4n@technorati.com,1949-10-01,Pulmonology
100168,Maison Bickersteth,mbickersteth4o@shinystat.com,1962-05-18,Gynecology
100169,Morris Bayliss,mbayliss4p@seattletimes.com,1969-01-16,Orthopedics
100170,Fritz Kelcey,fkelcey4q@facebook.com,1973-02-14,Gastroenterology
100171,Antonietta Slixby,aslixby4r@topsy.com,1959-01-17,Cardiology
100172,Parry Harlock,pharlock4s@census.gov,1958-08-01,Surgery
100173,Win Climance,wclimance4t@wp.com,1966-12-16,Pediatrics
100174,Kial Sansam,ksansam4u@nymag.com,1979-07-29,Gastroenterology
100175,Augie Palumbo,apalumbo4v@odnoklassniki.ru,1987-02-02,Cardiology
100176,Maddi Wickstead,mwickstead4w@webs.com,1989-10-01,Oncology
100177,Zorina Whiscard,zwhiscard4x@nydailynews.com,1964-06-12,Psychiatry
100178,Kynthia Corwin,kcorwin4y@businessinsider.com,1964-05-29,Nephrology
100179,Gilbertine Braywood,gbraywood4z@reference.com,1958-04-10,Psychiatry
100180,Carline Perrot,cperrot50@paginegialle.it,1974-10-14,Oncology
100181,Ursa Loughman,uloughman51@cdc.gov,1963-05-06,Cardiology
100182,Killy Coppock.,kcoppock52@taobao.com,1955-10-14,Otorhinolaryngology
100183,Blakelee Thompstone,bthompstone53@redcross.org,1977-06-27,Neurology
100184,Meara Austin,maustin54@shop-pro.jp,1958-10-31,Pediatrics
100185,Maryellen Castlake,mcastlake55@amazonaws.com,1948-12-25,Gynecology
100186,Stephenie Callender,scallender56@hexun.com,1958-07-10,Otorhinolaryngology
100187,Charo Devonish,cdevonish57@cdc.gov,1976-09-29,Dermatology
100188,Ludovico Grandham,lgrandham58@berkeley.edu,1975-11-08,Neurology
100189,Rem Woodrooffe,rwoodrooffe59@cdbaby.com,1948-09-08,Orthopedics
100190,Brandea Sayburn,bsayburn5a@ehow.com,1965-01-13,Oncology
100191,Barny Durnin,bdurnin5b@dot.gov,1979-02-21,Gastroenterology
100192,Sonnnie McGrirl,smcgrirl5c@bizjournals.com,1985-01-30,Oncology
100193,Laura Janaud,ljanaud5d@msu.edu,1981-09-13,Orthopedics
100194,Koral Walenta,kwalenta5e@a8.net,1976-11-30,Pulmonology
100195,Cirilo Hanmer,chanmer5f@github.com,1959-05-03,Nephrology
100196,Tate Biermatowicz,tbiermatowicz5g@virginia.edu,1990-08-09,Gastroenterology
100197,Konstantine Inglis,kinglis5h@facebook.com,1959-11-06,Oncology
100198,Padraic Playden,pplayden5i@ebay.co.uk,1982-06-07,Psychiatry
100199,Rena Stratford,rstratford5j@pbs.org,1984-12-18,Nephrology
100200,Sayre Pimlock,spimlock5k@sourceforge.net,1990-09-17,Pediatrics
100201,Ulrika Retallick,uretallick5l@apple.com,1980-08-30,Internal Medicine
100202,Onida Harkess,oharkess5m@canalblog.com,1966-09-05,Endocrinology
100203,Raymund Siege,rsiege5n@abc.net.au,1991-10-17,Psychiatry
100204,Lilia Bartolomeo,lbartolomeo5o@nsw.gov.au,1956-11-24,Dermatology
100205,Rafferty Alejandri,ralejandri5p@drupal.org,1969-10-12,Pediatrics
100206,Fiorenze Skinley,fskinley5q@wordpress.org,1982-07-21,Dermatology
100207,Steffi Culy,sculy5r@geocities.com,1948-10-27,Psychiatry
100208,Rock Ygo,rygo5s@mail.ru,1984-09-17,Gastroenterology
100209,Mordy Mushawe,mmushawe5t@oracle.com,1959-10-09,Dermatology
100210,Codie Bootherstone,cbootherstone5u@multiply.com,1970-08-11,Pulmonology
100211,Felike Cuttings,fcuttings5v@nature.com,1951-08-18,Psychiatry
100212,Eduardo Sprulls,esprulls5w@simplemachines.org,1976-05-07,Orthopedics
100213,Wally Marxsen,wmarxsen5x@woothemes.com,1959-05-05,Pediatrics
100214,Alyson Beard,abeard5y@cdc.gov,1978-10-07,Ophthalmology
100215,Brynne Tomasik,btomasik5z@51.la,1975-02-08,Pediatrics
100216,Somerset Geer,sgeer60@nifty.com,1953-03-08,Neurology
100217,Stefania Dayley,sdayley61@jigsy.com,1950-11-19,Internal Medicine
100218,Ryon Skoate,rskoate62@discovery.com,1993-10-16,Ophthalmology
100219,Gerome Drohun,gdrohun63@umn.edu,1986-05-15,Surgery
100220,Elisabeth Goatman,egoatman64@desdev.cn,1990-10-15,Endocrinology
100221,Faythe Snalum,fsnalum65@cargocollective.com,1979-01-21,Gastroenterology
100222,Siobhan Loudwell,sloudwell66@jiathis.com,1966-01-10,Orthopedics
100223,Kory Plaister,kplaister67@squarespace.com,1955-08-26,Surgery
100224,Shannen Lombard,slombard68@baidu.com,1969-10-21,Oncology
100225,Olia Gales,ogales69@sourceforge.net,1987-04-09,Nephrology
100226,Melvin Jull,mjull6a@naver.com,1978-10-28,Oncology
100227,Virgilio MacCarroll,vmaccarroll6b@booking.com,1967-09-29,Nephrology
100228,Karola Blaisdell,kblaisdell6c@nbcnews.com,1987-10-07,Orthopedics
100229,Ines Clewes,iclewes6d@ed.gov,1952-10-05,Endocrinology
100230,Harriet Cliff,hcliff6e@slideshare.net,1978-05-08,Internal Medicine
100231,Maurice Albone,malbone6f@bloglines.com,1991-12-13,Psychiatry
100232,Ida Cushion,icushion6g@etsy.com,1955-09-27,Pediatrics
100233,Ive Sorrill,isorrill6h@yale.edu,1966-10-18,Surgery
100234,Minna Ricarde,mricarde6i@gmpg.org,1957-10-20,Internal Medicine
100235,Jonah Jallin,jjallin6j@java.com,1948-07-05,Gynecology
100236,Corrie Raybould,craybould6k@sohu.com,1962-11-08,Dermatology
100237,Vale Orrocks,vorrocks6l@reverbnation.com,1993-11-08,Dermatology
100238,Celie Vipan,cvipan6m@slate.com,1975-03-01,Gastroenterology
100239,Levi Allbones,lallbones6n@sphinn.com,1960-02-19,Nephrology
100240,Shannon Kilgrove,skilgrove6o@elegantthemes.com,1966-01-09,Oncology
100241,Gal Letch,gletch6p@nifty.com,1970-09-18,Neurology
100242,Sidnee Norquoy,snorquoy6q@geocities.com,1967-10-17,Neurosurgery
100243,Ferris Ulyet,fulyet6r@tuttocitta.it,1986-11-13,Pulmonology
100244,Ruddie Braim,rbraim6s@wiley.com,1954-08-13,Orthopedics
100245,Garland Hamber,ghamber6t@globo.com,1968-09-13,Orthopedics
100246,Roseline Stode,rstode6u@exblog.jp,1975-08-07,Oncology
100247,Cecilio Liepins,cliepins6v@vinaora.com,1956-09-22,Orthopedics
100248,Shermy Greep,sgreep6w@reddit.com,1984-10-07,Nephrology
100249,Blanca Glamart,bglamart6x@wix.com,1961-12-22,Gynecology
100250,Zara Grewes,zgrewes6y@wikispaces.com,1948-06-02,Gastroenterology
100251,Imojean Keyworth,ikeyworth6z@cdbaby.com,1972-11-30,Surgery
100252,Janenna Goodredge,jgoodredge70@w3.org,1969-09-23,Surgery
100253,Desmond Conrard,dconrard71@cdc.gov,1967-10-09,Ophthalmology
100254,Petronia Caulcott,pcaulcott72@mapy.cz,1957-05-12,Pediatrics
100255,Moria Kolak,mkolak73@msn.com,1984-09-09,Otorhinolaryngology
100256,Stephie Skea,sskea74@unc.edu,1964-03-18,Psychiatry
100257,Fons Coxon,fcoxon75@ocn.ne.jp,1950-02-26,Cardiology
100258,Rab Barkly,rbarkly76@geocities.com,1968-03-23,Pediatrics
100259,Eugen Harnott,eharnott77@biglobe.ne.jp,1970-01-30,Nephrology
100260,Merrill Bloomer,mbloomer78@sohu.com,1960-06-30,Otorhinolaryngology
100261,Boycie O'Keeffe,bokeeffe79@va.gov,1952-01-29,Pulmonology
100262,Debby Chalke,dchalke7a@stumbleupon.com,1984-06-29,Endocrinology
100263,Ange Westrey,awestrey7b@eventbrite.com,1951-12-10,Neurology
100264,Antone Legrave,alegrave7c@google.ca,1960-03-05,Surgery
100265,Crista Gianotti,cgianotti7d@studiopress.com,1988-02-29,Ophthalmology
100266,Dorise Smithend,dsmithend7e@51.la,1969-01-11,Psychiatry
100267,Anissa Fevier,afevier7f@epa.gov,1952-05-03,Oncology
100268,Marcello Denidge,mdenidge7g@mapy.cz,1973-03-24,Pediatrics
100269,Reinhard Malsher,rmalsher7h@ca.gov,1955-05-07,Internal Medicine
100270,Idalia Stanbridge,istanbridge7i@ihg.com,1955-12-25,Cardiology
100271,Andie Ringsell,aringsell7j@jimdo.com,1987-03-04,Ophthalmology
100272,Shalom Farron,sfarron7k@admin.ch,1950-09-17,Nephrology
100273,Miltie Cridge,mcridge7l@wired.com,1973-11-16,Nephrology
100274,Broderick Barnsley,bbarnsley7m@bbb.org,1956-08-03,Dermatology
100275,Louisa Matlock,lmatlock7n@nifty.com,1961-03-24,Pediatrics
100276,Winnie MacFadyen,wmacfadyen7o@comcast.net,1979-11-23,Internal Medicine
100277,Ryan Sapauton,rsapauton7p@webmd.com,1958-09-13,Nephrology
100278,Isa Tire,itire7q@github.io,1948-10-17,Dermatology
100279,Ivor Lakeman,ilakeman7r@google.pl,1960-11-02,Endocrinology
100280,Hollie Campione,hcampione7s@newsvine.com,1958-12-25,Cardiology
100281,Alaine Ditter,aditter7t@va.gov,1970-02-08,Pediatrics
100282,Elysia Owttrim,eowttrim7u@booking.com,1968-09-10,Surgery
100283,Maura Gianetti,mgianetti7v@rediff.com,1973-10-03,Internal Medicine
100284,Erwin Garrand,egarrand7w@nytimes.com,1986-10-12,Otorhinolaryngology
100285,Cammie Wyrill,cwyrill7x@redcross.org,1961-01-19,Ophthalmology
100286,Boot Kimbury,bkimbury7y@uiuc.edu,1953-08-24,Pediatrics
100287,Priscella Gillingham,pgillingham7z@edublogs.org,1955-04-30,Gastroenterology
100288,Ransom Glaisner,rglaisner80@pen.io,1988-08-25,Oncology
100289,Devondra D'Costa,ddcosta81@globo.com,1981-09-09,Ophthalmology
100290,Denys Chalder,dchalder82@wiley.com,1973-06-13,Gynecology
100291,Marta Cressar,mcressar83@imdb.com,1970-03-30,Cardiology
100292,Alyson Dradey,adradey84@behance.net,1948-11-27,Orthopedics
100293,Robby Giorgielli,rgiorgielli85@arizona.edu,1972-12-29,Nephrology
100294,Roseline Doak,rdoak86@unc.edu,1957-10-03,Orthopedics
100295,Naomi Winram,nwinram87@who.int,1981-10-08,Pulmonology
100296,Nina de Wilde,nde88@free.fr,1963-05-16,Cardiology
100297,Elysia Triplet,etriplet89@eepurl.com,1965-01-17,Orthopedics
100298,Stephen Sedwick,ssedwick8a@weather.com,1981-08-08,Ophthalmology
100299,Joane Isakovitch,jisakovitch8b@unicef.org,1956-10-11,Pediatrics
100300,Angela Leahey,aleahey8c@ameblo.jp,1988-04-19,Gastroenterology
100301,Fallon Setterington,fsetterington8d@flickr.com,1962-06-08,Neurosurgery
100302,Vale Raeside,vraeside8e@wired.com,1961-12-08,Dermatology
100303,Floris Crinkley,fcrinkley8f@gnu.org,1958-06-03,Orthopedics
100304,Alair Gilderoy,agilderoy8g@constantcontact.com,1985-02-24,Dermatology
100305,Boniface M'Chirrie,bmchirrie8h@sbwire.com,1960-01-20,Internal Medicine
100306,Ruby Cranney,rcranney8i@admin.ch,1951-07-30,Cardiology
100307,Thibaud Haycock,thaycock8j@qq.com,1951-09-27,Surgery
100308,Vivyanne Spohrmann,vspohrmann8k@clickbank.net,1981-07-02,Cardiology
100309,Evelin Vasishchev,evasishchev8l@edublogs.org,1978-04-22,Cardiology
100310,Bendix Chittie,bchittie8m@stanford.edu,1956-01-28,Gastroenterology
100311,Zita McInerney,zmcinerney8n@va.gov,1985-04-09,Pulmonology
100312,Duncan Leger,dleger8o@cafepress.com,1970-02-16,Internal Medicine
100313,Bealle Stock,bstock8p@usa.gov,1950-07-06,Neurology
100314,Hurleigh Foucar,hfoucar8q@flavors.me,1974-04-02,Pulmonology
100315,Julia Crockford,jcrockford8r@google.it,1971-05-19,Internal Medicine
100316,Boot Bragger,bbragger8s@alexa.com,1952-02-12,Otorhinolaryngology
100317,Nertie Wigan,nwigan8t@fc2.com,1954-08-08,Nephrology
100318,Rourke Stinson,rstinson8u@posterous.com,1991-10-13,Ophthalmology
100319,Elvina Flips,eflips8v@paginegialle.it,1971-12-01,Pediatrics
100320,Winne Williamson,wwilliamson8w@issuu.com,1948-08-26,Orthopedics
100321,Neely Goldspink,ngoldspink8x@skype.com,1983-10-05,Gynecology
100322,Shandra Bibey,sbibey8y@addtoany.com,1954-10-07,Surgery
100323,Delcina Rucklidge,drucklidge8z@jalbum.net,1977-08-27,Dermatology
100324,Igor Cortese,icortese90@cocolog-nifty.com,1959-02-16,Orthopedics
100325,Wilhelmine Deverill,wdeverill91@accuweather.com,1964-08-07,Surgery
100326,Alexio Spaunton,aspaunton92@usnews.com,1948-12-02,Nephrology
100327,Maighdiln McClinton,mmcclinton93@tinyurl.com,1952-07-11,Endocrinology
100328,Matthieu MacDaid,mmacdaid94@cdc.gov,1984-03-09,Orthopedics
100329,Violetta Danielsson,vdanielsson95@jalbum.net,1982-05-25,Gynecology
100330,Erastus Jordeson,ejordeson96@dion.ne.jp,1988-11-22,Pulmonology
100331,Dennison Sharville,dsharville97@marketwatch.com,1984-10-16,Neurosurgery
100332,Betsey Cater,bcater98@trellian.com,1983-07-28,Orthopedics
100333,Marchall Eidelman,meidelman99@dailymail.co.uk,1952-07-01,Oncology
100334,Thain Atwel,tatwel9a@twitter.com,1979-10-13,Endocrinology
100335,Willard Delouch,wdelouch9b@amazon.com,1964-11-24,Psychiatry
100336,Claudine Tedman,ctedman9c@rakuten.co.jp,1954-11-19,Surgery
100337,Yasmeen Fauguel,yfauguel9d@theguardian.com,1949-10-23,Internal Medicine
100338,Ethel Mangenet,emangenet9e@soundcloud.com,1975-07-03,Gastroenterology
100339,Charlie Giacomucci,cgiacomucci9f@spotify.com,1976-10-15,Gynecology
100340,Alaster Rosenwald,arosenwald9g@slideshare.net,1987-11-02,Pediatrics
100341,Kessiah De Maine,kde9h@thetimes.co.uk,1980-08-11,Ophthalmology
100342,Lari Heiden,lheiden9i@bravesites.com,1971-03-19,Gynecology
100343,Consalve Whitehair,cwhitehair9j@twitter.com,1950-11-04,Pulmonology
100344,Morgan Jurczyk,mjurczyk9k@pagesperso-orange.fr,1976-02-16,Orthopedics
100345,Mirabelle Smalles,msmalles9l@netscape.com,1986-06-19,Pediatrics
100346,Etti Rait,erait9m@linkedin.com,1990-05-19,Gastroenterology
100347,Carol-jean Fairbrass,cfairbrass9n@scribd.com,1973-03-01,Otorhinolaryngology
100348,Gibb Titterrell,gtitterrell9o@google.ru,1949-10-18,Neurology
100349,Sutherland Haxell,shaxell9p@photobucket.com,1976-08-10,Endocrinology
100350,Pen Lyst,plyst9q@fastcompany.com,1968-05-24,Nephrology
100351,Loella Lowin,llowin9r@1und1.de,1981-12-02,Ophthalmology
100352,Niki Sawdy,nsawdy9s@dell.com,1965-01-06,Gynecology
100353,Hortense Keson,hkeson9t@de.vu,1972-10-21,Neurology
100354,Gauthier Shannon,gshannon9u@aboutads.info,1985-11-09,Internal Medicine
100355,Pauline Keggins,pkeggins9v@hao123.com,1963-04-21,Orthopedics
100356,Torry Yitzhakof,tyitzhakof9w@oracle.com,1950-02-07,Nephrology
100357,Brittany McKnish,bmcknish9x@bluehost.com,1952-08-27,Orthopedics
100358,Xenos Copins,xcopins9y@bloomberg.com,1961-07-12,Gynecology
100359,Ted Shuttlewood,tshuttlewood9z@adobe.com,1971-02-17,Pulmonology
100360,Lib Parish,lparisha0@ca.gov,1989-06-27,Psychiatry
100361,Roobbie Agirre,ragirrea1@netscape.com,1971-08-09,Nephrology
100362,Seymour Courtman,scourtmana2@time.com,1991-05-16,Pediatrics
100363,Eliza Giovannardi,egiovannardia3@europa.eu,1993-01-27,Pediatrics
100364,Eugenius Zannelli,ezannellia4@soundcloud.com,1976-06-07,Nephrology
100365,Sibylla Clurow,sclurowa5@google.co.uk,1974-02-18,Endocrinology
100366,Astrid O'Halloran,aohallorana6@bloglines.com,1953-06-06,Psychiatry
100367,Lowe Kerss,lkerssa7@altervista.org,1950-10-15,Nephrology
100368,Jillene Mapstone,jmapstonea8@istockphoto.com,1979-11-02,Gynecology
100369,Olly Cammell,ocammella9@goodreads.com,1956-12-01,Pediatrics
100370,Jory Cabrera,jcabreraaa@imgur.com,1994-05-24,Endocrinology
100371,Michele Guinery,mguineryab@columbia.edu,1967-12-04,Orthopedics
100372,Chickie Vanyashkin,cvanyashkinac@house.gov,1988-07-22,Ophthalmology
100373,Clayborne Trusslove,ctrusslovead@nsw.gov.au,1974-05-11,Pediatrics
100374,Rena Pleass,rpleassae@quantcast.com,1978-10-18,Otorhinolaryngology
100375,Jordon Pilcher,jpilcheraf@chicagotribune.com,1948-10-28,Nephrology
100376,Koren Valiant,kvaliantag@joomla.org,1965-09-04,Internal Medicine
100377,Alyson Lindup,alindupah@friendfeed.com,1988-10-14,Ophthalmology
100378,Rafa Fordy,rfordyai@berkeley.edu,1986-11-07,Psychiatry
100379,Dannie Hufton,dhuftonaj@patch.com,1961-07-22,Psychiatry
100380,Antone Clemot,aclemotak@myspace.com,1986-03-26,Surgery
100381,Anni Fontaine,afontaineal@i2i.jp,1962-06-05,Neurosurgery
100382,Arne Albon,aalbonam@godaddy.com,1983-01-19,Cardiology
100383,Rene Malshinger,rmalshingeran@liveinternet.ru,1964-02-13,Neurosurgery
100384,Romain Beecham,rbeechamao@answers.com,1993-01-21,Endocrinology
100385,Lorne Humberstone,lhumberstoneap@wired.com,1992-04-10,Cardiology
100386,Giff Milton-White,gmiltonwhiteaq@t.co,1981-07-05,Orthopedics
100387,Eryn Couldwell,ecouldwellar@miitbeian.gov.cn,1976-01-07,Dermatology
100388,Vickie Devin,vdevinas@virginia.edu,1964-10-13,Dermatology
100389,Francene McLaggan,fmclagganat@twitpic.com,1972-07-07,Endocrinology
100390,Everard Tilston,etilstonau@kickstarter.com,1972-03-12,Pulmonology
100391,Sheila Wiskar,swiskarav@xrea.com,1962-01-10,Cardiology
100392,Andra McQuarrie,amcquarrieaw@canalblog.com,1993-10-08,Endocrinology
100393,Laurent Ducker,lduckerax@seesaa.net,1963-07-23,Ophthalmology
100394,Ruthie Challenger,rchallengeray@omniture.com,1956-12-25,Otorhinolaryngology
100395,Vanni Pay,vpayaz@google.com.br,1951-10-25,Pediatrics
100396,Herbert Avramow,havramowb0@nature.com,1980-08-17,Neurosurgery
100397,Spike Salsberg,ssalsbergb1@deviantart.com,1970-02-06,Neurosurgery
100398,Quentin Sansun,qsansunb2@huffingtonpost.com,1953-10-22,Pediatrics
100399,Odelia Ingrey,oingreyb3@theguardian.com,1993-05-04,Oncology
